artist,genre,pronoun,artistUrl,songUrl,alias1,alias2
$ombi,left field,she,https://soundcloud.com/som_bi,https://soundcloud.com/raiders_records/sombi-somthingoutthere,,
2JACK4U,acid,"group - she, he",https://soundcloud.com/2jack4u,https://soundcloud.com/discosparaiso/b2-2jack4u-tape-recognition-1,,
Aadja,techno,she,https://soundcloud.com/aadja,https://soundcloud.com/triprecordings/sets/aadja-thought-dealer,,
Abby Echiverri,acid,she,https://soundcloud.com/echiverri,https://www.youtube.com/watch?v=vbdeztiO2eQ,,
Adiel,techno,she,https://soundcloud.com/a-diel,https://www.youtube.com/watch?v=3yNJtrD-63o,,
Adriana Lopez,techno,she,https://soundcloud.com/adrianalopez,https://www.youtube.com/watch?v=m5Ph82XTS50,,
Afrodeutsche,left field,she,https://soundcloud.com/afrodeutsche-ad,https://www.youtube.com/watch?v=nCmb-Cux3aE,,
Ahju,house,she,https://soundcloud.com/ahju_ahju_ahju,https://soundcloud.com/mixmag-1/premiere-ahju-cause-i?in=ahju_ahju_ahju/sets/releases,,
ahyt,left field,she,https://soundcloud.com/ahyt,https://soundcloud.com/co-select/ahyt-grovular-groove-1?in=co-select/sets/co-selection-vol-1,,
AK Sports,left field,she,https://soundcloud.com/aksportsdj,https://soundcloud.com/aksportsdj/sports-professor-bitch?in=aksportsdj/sets/ak-sports-originals, Sports,
Akiko Haruna,expirimental ,she,https://soundcloud.com/akikoharuna,https://soundcloud.com/mixmag-1/premiere-akiko-haruna-die-retry,,
AKKI,techno,she,https://soundcloud.com/akkimusicworld,https://soundcloud.com/wostreettracks/akki-she-doesnt-know-wo062-1?in=akkimusicworld/sets/akki-she-doesnt-know-out-now,,
Alicia Hush,house,she,https://soundcloud.com/alicia-hush,https://soundcloud.com/klangscheiben/alicia-hush-bernie-cheetahcoot?in=klangscheiben/sets/ksr058-alicia-hush-here-to, Felicia Rush,
Almaty,house,she,https://soundcloud.com/almaty-international,https://www.youtube.com/watch?v=oZh6wx_c7sI,,
Amamelia,left field,she,https://soundcloud.com/amamelia,https://soundcloud.com/les-yeux-orange/premiere-amamelia-unshelter-me,,
Amazondotcom,left field,she,https://soundcloud.com/amazondotcom,https://www.youtube.com/watch?v=BM7rfgqVlh8,,
Amy Dabbs,house,she,https://m.soundcloud.com/amydabbs,https://m.soundcloud.com/amydabbs/mellowday/reposts,,
An On Bast,techno,she,https://soundcloud.com/an_on_bast,https://soundcloud.com/an_on_bast/listen?in=an_on_bast/sets/an-on-bast-stay-super-ep-ghost-11,,
Anastasia Zems,left field,she,https://soundcloud.com/anastasiazems,https://soundcloud.com/visceramusic/premiere-anastasia-zems-karabhah-ida?in=idasound/sets/anastasia-zems-nomad-on-the,,
Andy Garvey,left field,she,https://soundcloud.com/andygarveyandygarvey,https://www.youtube.com/watch?v=ujn-e6ViGRY,,
Anetha,techno,she,https://soundcloud.com/anethamusic,https://www.youtube.com/watch?v=XHyr6oBu5K8,,
Anfisa Letyago,house,she,https://soundcloud.com/user-anfisaletyagodj,https://soundcloud.com/user-anfisaletyagodj/rekids-anfisa-letyago-pump-it?in=user-anfisaletyagodj/sets/anfisa-letyago-id-rather-b,,
angel d'lite,left field,she,https://soundcloud.com/angeldlite,https://thebirdsthatmimicsolitude.bandcamp.com/track/transcendental-wish,,
Angel-Ho,expirimental ,she,https://soundcloud.com/angel-h0,https://soundcloud.com/fadermedia/angel-ho-exoucie,,
Ani Klang,expirimental ,she,https://soundcloud.com/aniklang,https://soundcloud.com/aniklang/pianosmash?in=aniklang/sets/tracks-singles,,
Animistic Beliefs,techno,"group - she, he",https://soundcloud.com/animisticbeliefs,https://www.youtube.com/watch?v=80C5acncyjU,,
Anja Schneider,techno,she,https://soundcloud.com/anjaschneider,https://soundcloud.com/djmag/premiere-anja-schneider-far-side-of-the-moon?in=djmag/sets/dj-mag-premieres,,
Anna Meredith,expirimental ,she,https://soundcloud.com/annameredith,https://www.youtube.com/watch?v=zdqSNBqETAc,,
Anna Morgan,bass,she,https://soundcloud.com/annamorgan_dj,https://soundcloud.com/bass-c0ast/turbo-moto-idratherberaving?in=annamorgan_dj/sets/trax,,
Anna Wall,house,she,https://soundcloud.com/djannawall,https://soundcloud.com/four-heads/premiere-anna-wall-corbi-dat-1-ritual-poison?in=djannawall/sets/originals-remixes,,
Annie Hall,acid,she,https://soundcloud.com/anniehallmusic,https://www.zwartgoud.org/electro/musar004,,
Ans M,left field,she,https://soundcloud.com/anssss,https://soundcloud.com/tobago-tracks/ans-m-dust-devils?in=tobago-tracks/sets/ans-m-petrichor-1,,
Anushka ,left field,she,https://soundcloud.com/anushka,https://soundcloud.com/slowdance/a1-high-altai?in=slowdance/sets/slwdnc006-anushka-lucid-dreams-of-siberian-ice-maiden,,
Anz,house,she,https://soundcloud.com/yung-anz,https://soundcloud.com/yung-anz/anz-no-harm?in=yung-anz/sets/anz-invitation-2-dance-out-4th,,
Aos,techno,she,https://soundcloud.com/aosseattle,https://www.youtube.com/watch?v=Ug_Pr95lt1M,,
Arca,expirimental ,she,https://soundcloud.com/arca1000000,https://www.youtube.com/watch?v=PwXOgzmTbVU,,
Ariel Zetina,left field,she,https://soundcloud.com/arielzetina,https://www.youtube.com/watch?v=Fwe2A-qnfms,,
Aroha,house,she,https://soundcloud.com/aroha,https://soundcloud.com/aroha/l2k-master?in=aroha/sets/no-more-jenga,,
Ash Lauryn,left field,she,https://soundcloud.com/ashlauryn,https://soundcloud.com/ashlauryn/lets-get-the-rhythm-ft-ash-lauryn-stefan-ringer,,
Asmara,left field,she,https://soundcloud.com/ma-deejay,https://soundcloud.com/ma-deejay/deviant-eyes,,
Astrid Sonne,expirimental ,she,https://soundcloud.com/a_sonne,https://soundcloud.com/a_sonne/life-2,,
Auco,left field,they,https://soundcloud.com/auco23,https://soundcloud.com/infinitequestrecords/auco-ep-2-playtime?in=infinitequestrecords/sets/auco-ep,,
Aurora Halal,techno,she,https://soundcloud.com/itsallhalal,https://www.youtube.com/watch?v=wGGHr3hsfNc,,
Aurora T-09,techno,she,https://soundcloud.com/aurat09,https://soundcloud.com/evar-records/aura-t-09-feat-bootee-in-dreams,,
Avalon Emerson,house,she,https://soundcloud.com/avalonemerson,https://www.youtube.com/watch?v=D5xSnNb7co4,,
Ayesha,left field,she,https://soundcloud.com/aye5ha,https://soundcloud.com/aye5ha/ayesha-party-in-the-street-dt001?in=aye5ha/sets/1-awfs-comp-trax,,
B.Ames,pop,she,https://soundcloud.com/b-ames,https://soundcloud.com/b-ames/reaction,,
B.Traits,house,she,https://soundcloud.com/btraits,https://soundcloud.com/djmag/premiere-baby-t-i-wish, Baby T,
Babii,expirimental ,she,https://soundcloud.com/babiibabiibabii,https://soundcloud.com/babiibabiibabii/ember-2,,
Baby Blue,expirimental ,she,https://soundcloud.com/gutted-angel,https://soundcloud.com/gutted-angel/there-must-be-more-to-life,,
badsista,left field,she,https://soundcloud.com/badsista,https://soundcloud.com/djmag/premiere-badsista-machooka,,
Baka G,house,she,https://soundcloud.com/bakagmusique,https://soundcloud.com/moskalus/premiere-baka-g-chaussee-dixelles-label-affaire-records?ref=clipboard&p=a&c=0&utm_campaign=social_sharing&utm_medium=text&utm_source=clipboard,,
Bamz,uk funky,they,https://soundcloud.com/bamzdmg,https://soundcloud.com/djmag/premiere-bamz-dominate,,
bearcat,expirimental ,she,https://soundcloud.com/bearcats_mixtapes,https://soundcloud.com/bearcats_mixtapes/viva,,
Beatrice Dillon,left field,she,https://soundcloud.com/beatricedillon,https://www.youtube.com/watch?v=yjNpCM7LH1c,,
Bella Boo,house,she,https://soundcloud.com/bellaboo-music,https://www.youtube.com/watch?v=IC7HWnncSdo,,
BELLACROSS,house,she,https://soundcloud.com/bellacross,https://www.youtube.com/watch?v=5JCcAjcH1NY,,
benzii,techno,she,https://soundcloud.com/callmebenzii,https://soundcloud.com/callmebenzii/butterflies,,
Bergsonist,house,she,https://soundcloud.com/bergsonist,https://www.youtube.com/watch?v=JUfpZ1Rzd7Q,,
Beta Librae,left field,she,https://soundcloud.com/blibrae,https://www.youtube.com/watch?v=hFcLO4yadmM,,
Beth Alana,left field,she,https://soundcloud.com/bethalana,https://soundcloud.com/mottosono/phenomenon?in=bethalana/sets/traxx,,
Beyun,acid,she,https://soundcloud.com/djbeyun,https://soundcloud.com/dancefloorromancer/premiere-beyun-nite-trippin-afro-acid?in=djbeyun/sets/productions,,
Bianca Oblivion,bass,she,https://soundcloud.com/biancaoblivion,https://soundcloud.com/manrecordings/pelao-bianca-oblivion-remix?in=biancaoblivion/sets/pelaoremix,,
Bianca Scout,expirimental ,she,https://soundcloud.com/bb-scout-22222,https://soundcloud.com/bb-scout-22222/passage,,
Billie Jo,techno,she,https://soundcloud.com/billiejo1,https://soundcloud.com/bcco/bcco-premiere-billie-jo-you-make-everyone-disappear-act005,,
Bklava,garage,she,https://soundcloud.com/bklavadj,https://soundcloud.com/bklavadj/thinkin-of-you-radio-edit,,
Black Girl White Girl,house,"group - she, she",https://soundcloud.com/officialbgwg,https://soundcloud.com/djmag/premiere-black-girl-white-girl-cinderella-99?in=officialbgwg/sets/discography,,
Blasha & Allatt,house,"group - she, she",https://soundcloud.com/blasha-allatt,https://soundcloud.com/ben-sims/31-blasha-allatt-broughton-93,,
Bleid,left field,she,https://soundcloud.com/bleiddd,https://soundcloud.com/naivetrax/a1-violet-x-bleid-badness?in=bleiddd/sets/tracks,,
Bleie,expirimental ,she,https://soundcloud.com/bleie,https://soundcloud.com/lastfaithstudio/bleie-promo,,
Blissai,bass,she,https://soundcloud.com/blissainai,https://soundcloud.com/blissainai/misseee,,
bloody mary ,acid,she,https://soundcloud.com/bloody-mary,https://www.youtube.com/watch?v=Ha8__q1RWgI,,
Bonaventure,expirimental ,she,https://soundcloud.com/bonaventure_mbote,https://bonaventurept.bandcamp.com/track/mentor,,
Bored Lord,house,she,https://soundcloud.com/boredlord,https://soundcloud.com/boredlord/hit-me-ravey-one-more-time-off-of-pop-tools,,
Borusiade,techno,she,https://soundcloud.com/borusiade,https://soundcloud.com/borusiade/domino-domina,,
BrandNewTrumpets,expirimental ,she,https://soundcloud.com/brandnewtrumpets,https://soundcloud.com/diffrent/the-lost-empress?in=diffrent/sets/brandnewtrumpets-ode-to-ole-ep,,
Brux,house,she,https://soundcloud.com/whoisbrux,https://soundcloud.com/whoisbrux/bwp?in=whoisbrux/sets/fruit-ep,,
C.Love,left field,she,https://soundcloud.com/cloveontherocks-1,https://soundcloud.com/sistersofsoundsos/sos-music-c-love-possedee?in=sistersofsoundsos/sets/nightwave-sacred-heart-maddy,,
Calling Marian,techno,she ,https://soundcloud.com/callingmarian,https://www.youtube.com/watch?v=0BHDUGHKqBg,,
Carla Valenti,house,she,https://soundcloud.com/carlavalenti,https://soundcloud.com/casacaos/carla-valenti-feat-koby-perc?in=casacaos/sets/cc-029-carla-valenti-walla-ep,,
Carmen Villain,expirimental ,she,https://soundcloud.com/carmenvillain,https://www.youtube.com/watch?v=sG0auwx9w48,,
Carolina Eyck,expirimental ,she,https://soundcloud.com/carolinaeyck,https://www.youtube.com/watch?v=n6KP3jSZAes,,
Caroline Lethô,techno,she,https://soundcloud.com/carolineletho,https://soundcloud.com/discosparaiso/a1-caroline-letho-to-paradise-1?in=discosparaiso/sets/ravetuga003,,
Cassie Raptor ,techno,she,https://soundcloud.com/cassie_raptor,https://soundcloud.com/dvskrecords/kick-or-talk?in=cassie_raptor/sets/tracks,,
Caterina Barbieri,expirimental ,she,https://soundcloud.com/caterinabarbieri,https://www.youtube.com/watch?v=7VQAEAysPeA,,
CCL,left field,they,https://soundcloud.com/ccl-tuf,https://www.youtube.com/watch?v=Zcw66uHENuU,,
Cecilia,expirimental ,she,https://soundcloud.com/babiaudi,https://soundcloud.com/babiaudi/2-temptation-of-liquids,,
Cera Khin,techno,she,https://soundcloud.com/cera-khin,https://soundcloud.com/the-subliminal-kid/peder-mannerfelt-sissel-bass-2,,
Chain Joplin,footwerk,she,https://soundcloud.com/hood-joplin,https://soundcloud.com/hood-joplin/mychainb?in=hood-joplin/sets/originals-features-remixes-1,,
Charlotte Bendiks,left field,she,https://soundcloud.com/charlotte-bendiks,https://www.youtube.com/watch?v=U_w3rrzhs14,,
Cherushii,house,she,https://soundcloud.com/cherushii,https://www.youtube.com/watch?v=qYehnKlWol0,,
Chikaya,left field,she,https://soundcloud.com/chikayaofficial,https://soundcloud.com/illegaldata/chikaya-himalayas,,
Chippy Nonstop,techno,she,https://soundcloud.com/chippynonstop,https://soundcloud.com/chippynonstop/chippy-nonstop-ice-daddy,,
Christina Chatfield,electro,she,https://soundcloud.com/anitserk,https://soundcloud.com/as-you-like-it/ascent-original-mix?in=as-you-like-it/sets/seq001p,,
Ciao,house,she,https://soundcloud.com/regfant,https://www.youtube.com/watch?v=u0sVYrpTO8A, Regularfantasy, Plush Management Inc
Ciarra Black,techno,she,https://soundcloud.com/ciarrablack,https://soundcloud.com/ciarrablack/by-design-allergy-season?in=ciarrablack/sets/tracks,,
Cibelle,dancehall,they,https://soundcloud.com/cibellecibelle,https://www.youtube.com/watch?v=EayCT5tcaHc,,
Ciel,house,she,https://soundcloud.com/cl_lit,https://www.youtube.com/watch?v=PgdMzE-zI6g,,
CIFIKA,house,she,https://soundcloud.com/cifika,https://soundcloud.com/cifika-music/youth,,
Cinthie,house,she,https://soundcloud.com/cinthie,https://www.youtube.com/watch?v=ZcJMXqce-LA,,
Claire Morgan,techno,she,https://soundcloud.com/claire-morgan,https://soundcloud.com/claire-morgan/claire-morgan-inexorably,,
Claire Rousay,expirimental ,she,https://soundcloud.com/clairerousay,https://soundcloud.com/americandreamsrecords/02-a-softer-focus-discrete-the,,
Clara! ,left field,she,https://soundcloud.com/clara-uno,https://soundcloud.com/inverted-audio/clara-acero-editions-gravats,,
Clemency ,left field,she,https://soundcloud.com/clemencydj,https://soundcloud.com/clemencydj/biblicalnames,,
Cleo Leigh,left field,she,https://soundcloud.com/alteregocleo,https://soundcloud.com/alteregocleo/jaune-cleo-leigh-2,,
Closet Yi,left field,she,https://soundcloud.com/closetyi,https://soundcloud.com/boltingbits/premiere-closet-yi-eternal-countdown?in=closetyi/sets/ruminate-ep,,
Coffintexts,left field,she,https://soundcloud.com/coffintexts,https://soundcloud.com/ifclips/coffintexts-izanami?in=ifclips/sets/greatest-hits,,
Colleen,ambient,she,https://soundcloud.com/colleenplays,https://www.youtube.com/watch?v=Uy60-Ki3OgA,,
Cooconics,left field,she,https://soundcloud.com/athena_chan,https://eatingmusiclabel.bandcamp.com/track/plague, Anetha Chan,
Cooly G,house,she,https://soundcloud.com/coolyg,https://soundcloud.com/nightslugs/cooly-g-digitally-higher-1,,
Coppe',expirimental ,she,https://soundcloud.com/coppe,https://www.youtube.com/watch?v=NFHGosiV_2E,,
Coucou Chloe,expirimental ,she,https://soundcloud.com/coucouchloe,https://soundcloud.com/coucouchloe/juicy-feat-shygirl,,
Cowgirl Clue,pop,she,https://soundcloud.com/cowgirlclue,https://www.youtube.com/watch?v=PeSP0notTCo,,
Cruel Diagonals,expirimental ,she,https://soundcloud.com/crueldiagonals,https://www.youtube.com/watch?v=eaUG2o5EcPc,,
Crystallmess,left field,she,https://soundcloud.com/crystallmess/,https://soundcloud.com/pan_hq/b2-crystallmess-atalaku-pan?in=pan_hq/sets/toxe-crystallmess-split-pan-105,,
D. Tiffany,left field,she,https://soundcloud.com/d-tiffany,https://soundcloud.com/pacificrhythm/d-tiffany-get-back-to-you-soon, DJ Zozi, Ambien Baby
Daisy Moon,left field,she,https://soundcloud.com/daisymoon,https://soundcloud.com/idle-hands-bristol/idle061-daisy-moon-geometry-of-curves,,
Dalila Delarosa,ambient,she,https://soundcloud.com/daliladelarosa,https://soundcloud.com/besteffort/dalila-delarosa-winter?in=besteffort/sets/stay-in-bed-vol-i,,
Dana Ruh,house,she,https://soundcloud.com/danaruh/,https://soundcloud.com/danaruh/a1-range-66?in=danaruh/sets/cr003-dana-ruh-ds-folder-v,,
Daniela La Luz,house,she,https://soundcloud.com/daniela-la-luz,https://soundcloud.com/les-yeux-orange/premiere-daniela-la-luz-acid-based-balance?in=daniela-la-luz/sets/out-now-ctx02-daniela-la-luz,,
Danielle Arielli,house,she,https://soundcloud.com/danielle-arielli,https://soundcloud.com/tooflezmuzik/teazer-danielle-arielli-gettem-down-tfz005?in=tooflezmuzik/sets/danielle-arielli-can-u-feel-it,,
Dasha Rush,techno,she,https://soundcloud.com/dasha-rush,https://soundcloud.com/dasha-rush/upcoming_fp025-acid-sketch,,
Debby Friday,techno,she,https://soundcloud.com/debbyfriday,https://youtu.be/gsegEpa8pPw?t=560,,
Deborah De Luca,techno,she,https://soundcloud.com/deborahdeluca,https://soundcloud.com/deborahdeluca/maybe-im-wrong-deborah-de-luca?in=deborahdeluca/sets/maybe-im-wrong-ep,,
Decibella,jungle,she,https://soundcloud.com/djdecibella,https://soundcloud.com/djdecibella/outtalondon,,
Deena Abdelwahed,left field,she,https://soundcloud.com/deenaabdelwahed,https://www.youtube.com/watch?v=v75KRnB7OiI,,
Deepsmith,house,she,https://soundcloud.com/deepsmith,https://soundcloud.com/nervous-records/deepsmith-hush-hush-aint-no-thang?in=deepsmith/sets/trax, DJ Daddy,
Della,house,she,https://soundcloud.com/djdella_official,https://soundcloud.com/turned-on/premiere-lil-mark-feat-della-its-acid-purple-om-edit-twirl-recordings?in=twirlchicago/sets/lil-mark-featuring-della-its,,
Diamond Li,left field,she,https://www.youtube.com/watch?v=yeAkZC7kYQ4,https://eatingmusiclabel.bandcamp.com/track/zhei, Huan Huan,
Didi Han,house,she,https://soundcloud.com/didihan,https://soundcloud.com/musicis4lovers/didi-han-wake-up-roche-musique,,
Diessa,left field,she,https://soundcloud.com/diessa1312,https://soundcloud.com/diessa1312/diessa-work-too-much-hi-nrg,,
Dina,techno,she,https://soundcloud.com/dinakhashan,https://soundcloud.com/inverted-audio/dina-sea-trial-molten-moods?in=dinakhashan/sets/releases,,
Dinamite,techno,she,https://soundcloud.com/dinamite-dj,https://soundcloud.com/dinamite-dj/nebel-dinamite-out-jan-18th-2016-on-affin-records,,
DJ Clea,house,she,https://soundcloud.com/djclea,https://www.youtube.com/watch?v=jH2FsBWdKFg,,
DJ Fuckoff,left field,she,https://soundcloud.com/djfuckoff,https://soundcloud.com/raiders_records/02-dj-fuckoff-fuck-a-lil-mo?in=djfuckoff/sets/tracks-3-3,,
DJ Genderfluid,techno,they,https://soundcloud.com/djgenderfluid,https://soundcloud.com/djgenderfluid/i-absolutely-will-not-share-your-event-flyer-unless-all-of-the-letters-are-lowercase,,
DJ Gigola,techno,she,https://soundcloud.com/djgigola,https://www.youtube.com/watch?v=wVAh1Wym8MI,,
DJ Girl,left field,she,https://soundcloud.com/det-chan,https://soundcloud.com/planeteuphorique/dj-girl-slsktrax, tchan,
DJ Haram,left field,she,https://soundcloud.com/djharam,https://soundcloud.com/hyperdub/dj-haram-gemini-rising-taken-from-grace-out-5th-july,,
DJ Heather,house,she,https://soundcloud.com/dj-heather,https://www.youtube.com/watch?v=1yOL9_Qrv8k,,
DJ Love,left field,she,https://soundcloud.com/djlovesowitchy,https://soundcloud.com/djlovesowitchy/dj-love-anthem-prod-by-love?in=djlovesowitchy/sets/dj-love-unofficial-ep,,
DJ Mell G ,electro,she,https://soundcloud.com/djmellg,https://soundcloud.com/paceplayazsociety/dj-mell-g-teach-me-how-to-dougie?in=djmellg/sets/releases,,
Dj Sofa,drum and bass,she,https://soundcloud.com/djsofa430,https://soundcloud.com/basswin/energy-from-bass-dj-sofa-remix,,
DJ soyboi,left field,they,https://soundcloud.com/djsoyboi,https://soundcloud.com/djsoyboi/chainsplitter-1,,
DJ Tess,left field,she,https://soundcloud.com/giuliatess,https://soundcloud.com/moretimerecords/watch-how-mi-dweet-ft-logan?in=moretimerecords/sets/moretime024-dj-tess-iene, Giulia Tess ,
DJ_Dave,house,she,https://soundcloud.com/algoravedave,https://soundcloud.com/algoravedave/easy,,
Doc Sleep,left field,she,https://soundcloud.com/docsleep,https://soundcloud.com/docsleep/mirror-lake-figs,,
Dodogo,expirimental ,she,https://soundcloud.com/discododogo,https://eatingmusiclabel.bandcamp.com/track/water,,
Dolomea,left field,she,https://soundcloud.com/dolo-mea,https://soundcloud.com/raiders_records/09-dolomea-dipping-in-kool-aid?in=raiders_records/sets/queens-of-club-night-shift-1,,
Dominque Guiot,expirimental ,she,https://soundcloud.com/mentalgroove/sets/dominique-guiot-lunivers-de-la-mer,https://www.youtube.com/watch?v=1linSt8sEEY,,
E-Saggila,expirimental ,she,https://soundcloud.com/esaggila,https://soundcloud.com/country-music-label/e-saggila-tilt,,
e.m.m.a.,left field,she,https://soundcloud.com/oiiemma,https://soundcloud.com/emma57750/shoot-the-curl-1,,
Edge Slayer,left field,she,https://soundcloud.com/edgeslayer,https://soundcloud.com/edgeslayer/suga-daddi-spell-wetter-rework,,
EDND,acid,she,https://soundcloud.com/ednd,https://soundcloud.com/discosparaiso/a1-ednd-quartz-composer-1?in=discosparaiso/sets/paraiso006,,
Effy,tech house,she,https://soundcloud.com/its_effy,https://soundcloud.com/its_effy/fluffy-clouds,,
Ehua,left field,she,https://soundcloud.com/ehuamusic,https://soundcloud.com/femmeculture/ehua-roman?in=ehuamusic/sets/ehua-diplozoon-ep-femme,,
Eiko Ishibashi,expirimental ,she,https://eikoishibashi.bandcamp.com/,https://open.spotify.com/track/6oZcJPquCnSFQXawsYgFlH?si=1GR4QbpgSOGxg6NckCaGvA,,
El'mirka,house,she,https://soundcloud.com/elmirka,https://soundcloud.com/momenty-rec/tanzlife-love-overdose-feat-elmirka-id-ensemble-concept,,
Ela Minus,left field,she,https://soundcloud.com/elaminus,https://soundcloud.com/elaminus/so-2,,
Elisa Bee,house,she,https://soundcloud.com/xelisabeex,https://www.youtube.com/watch?v=_1eMMK4aNh4,,
Elissa Suckdog,house,she,https://soundcloud.com/elissasuckdog,https://elissasuckdog.bandcamp.com/track/girls-on-a-break-feat-lil-peep,,
Elissa Suckdog,house,she,https://soundcloud.com/elissasuckdog,https://soundcloud.com/elissasuckdog/girls-elissa-suckdogs-girls-on-a-break-edit?in=elissasuckdog/sets/edog-01,,
Elkka,house,she,https://soundcloud.com/elkka,https://www.youtube.com/watch?v=95QHUbMeTEU,,
Elle Dee,techno,she,https://soundcloud.com/djelledee,https://soundcloud.com/mildfantasy/elle-dee-false-witness-underneath-clip?in=mildfantasy/sets/elle-dee-false-witness,,
ELLLL,left field,she,https://soundcloud.com/ellll,https://www.youtube.com/watch?v=pDdXb9M-PO4,,
Elsa Hewitt,left field,she,https://soundcloud.com/elsahewitt,https://soundcloud.com/elsahewitt/wave-state-2,,
Eluize,house,she,https://soundcloud.com/eluize,https://soundcloud.com/sinchicollective/premiere-eluize-still-craigie-knowes?in=eluize/sets/eluize-confide-lp-craigie,,
Emily Glass,left field,she,https://soundcloud.com/emilyglassss,https://soundcloud.com/djmag/premiere-emily-glass-uvula?in=djmag/sets/dj-mag-premieres,,
Emkay,left field,she,https://soundcloud.com/emkaybymk,https://soundcloud.com/untempohki/emkay-daft?in=emkaybymk/sets/releases, gem-k,
Emma Jean Thackray,jazz,she,https://soundcloud.com/emmajeanthackray,https://www.youtube.com/watch?v=NxhSAwfI9_k,,
Eram,techno,she,https://soundcloud.com/eramexp,https://soundcloud.com/caldolove/eram-liquid-dropsss,,
Erica Mar,techno,she,https://soundcloud.com/erica_mar,https://soundcloud.com/dark-disco/erica-mar-hell-paralysis-occultists,,
Erika Gluck,acid,she,https://soundcloud.com/erikagluck,https://soundcloud.com/erikagluck/erika-gluck-a1-cosset?in=erikagluck/sets/deferment-fixed-rhythms,,
Eris Drew,house,she,https://soundcloud.com/eris-drew,https://www.youtube.com/watch?v=3HDFucB6dqg,,
Erosika,left field,she,https://soundcloud.com/erosika,https://www.youtube.com/watch?v=jbjEz39b8Gk&ab_channel=Nightman, Scorpia Mossmoon,
ESG,disco,she,https://www.discogs.com/artist/16534-ESG,https://www.youtube.com/watch?v=bCGdZnPzX8E,,
Estella Boersma,techno,she,https://soundcloud.com/estellaboersma,https://soundcloud.com/estellaboersma/grade-retro,,
Esther Dujin,techno,she,https://soundcloud.com/esther-duijn,https://soundcloud.com/coincidencerecords/coincidence-108-01-esther?in=coincidencerecords/sets/coincidence108-esther-duijn-dawn-of-the-last-era, Proxima Centauri,
Estoc,left field,she,https://soundcloud.com/splintered,https://soundcloud.com/apocalipsistoday/precolumbian-estoc-cct01?in=apocalipsistoday/sets/apoc005-precolumbian-estoc-cct-ep,,
Etari,house,she,https://soundcloud.com/etari,https://soundcloud.com/boltingbits/premiere-etari-garden-of-life-norus-etari-collab?in=etari/sets/etari-original,,
eve defy,left field,they,https://soundcloud.com/evedefy,https://www.youtube.com/watch?v=S3M5E9cgj0U,,
exael,left field,they,https://soundcloud.com/exael,https://soundcloud.com/exael/crytpobtich-double-flux-honeytrap, cryptobitch,
Experimental Housewife,left field,she,https://soundcloud.com/experimental-housewife,https://www.youtube.com/watch?v=Yt-7xmbq5J8,,
fana,expirimental ,she,https://soundcloud.com/fanafellahin,https://soundcloud.com/fanafellahin/ancestor-syndrome-ffm-edit, فناء (fana'),
Felicie,techno,she,https://soundcloud.com/feliciemusic,https://soundcloud.com/exhaleofc/felicie-the-devil-himself?in=feliciemusic/sets/felicie-releases,,
Felly Fell,house,she,https://soundcloud.com/fellyfell805,https://www.youtube.com/watch?v=50K8s_oJ278,,
Femanyst,house,she,https://soundcloud.com/msladyblacktronika,https://soundcloud.com/msladyblacktronika/1-lady-b-back-to-being-a-man, Lady Blacktronica,
Fernanda Arrau,house,she,https://soundcloud.com/fernanda-arrau,https://soundcloud.com/yungdumb/cook,,
Fever Ray ,expirimental ,she,https://soundcloud.com/fever-ray,https://www.youtube.com/watch?v=3rdkcanpl9k,,
Fia Fiell,ambient,she,https://soundcloud.com/fiafiell,https://soundcloud.com/nicemusiclabel/fia-fiell-at-the-first-clear-word,,
Finetune,left field,she,https://soundcloud.com/finetunesounds,https://soundcloud.com/finetunesounds/forever-old?in=finetunesounds/sets/finetune-come-to-see-me,,
FKA Twigs,pop,she,https://soundcloud.com/fkatwigsofficial,https://www.youtube.com/watch?v=YUvJOZfdGQg,,
Frau Silberfischer,techno,she,https://soundcloud.com/silberfischer,https://www.youtube.com/watch?v=ggi-dNdFOr8,,
Further Reductions,electro,"group - she, he",https://soundcloud.com/further-reductions,https://soundcloud.com/inverted-audio/further-reductions-array-knekelhuis,,
Gag Reflex,left field,she,https://soundcloud.com/djgagreflex,https://soundcloud.com/circaafterdeath/gag-reflex-grave,,
Ganesa,left field,she,https://soundcloud.com/ganesa_drops_beats,https://soundcloud.com/jellybeanfarm/wun-render-international-tribe-ganesa-worldwide-fm-rip?in=jellybeanfarm/sets/wun-torus-jbf011,,
Gavilán Rayna Russom,expirimental ,she,https://soundcloud.com/gavilanraynarussom,https://www.youtube.com/watch?v=o44zUW1u0Gk&app=desktop, Gavin Russom,
Gayance,house,she,https://soundcloud.com/gayance,https://soundcloud.com/gayance/hold-it-down-feat-lady-alma-by-4hero-gayance-edit,,
gayphextwin,expirimental ,they,https://soundcloud.com/odi_me,https://soundcloud.com/odi_me/1glo?in=odi_me/sets/gayphextwin-untitled,,
Gazelle Twin,techno,she,https://soundcloud.com/gazelletwin,https://soundcloud.com/perc/perc-look-what-your-love-has-done-to-me-192,,
Get Face,left field,they,https://soundcloud.com/getface,https://soundcloud.com/spacetapesmia/warrant-elevator-mix?in=spacetapesmia/sets/st004-get-face-horns-of-a-beast, DJ GF,
Ghorba,techno,she,https://soundcloud.com/ghorbadj,https://soundcloud.com/jacktonerecords/ghorba-zero-threat-to-the-rave-jktn050-preview?in=ghorbadj/sets/releases, Divorce,
Giorgia Angiuli ,techno,she,https://soundcloud.com/giorgiaangiuli-1,https://soundcloud.com/giorgiaangiuli-1/alien-hug-3,,
Gnasha,dubstep,she,https://soundcloud.com/gnashamusic,https://soundcloud.com/gnashamusic/gnasha-blurred-lampa-master-free-download-at-750-follows,,
Green-House,ambient,she,n/a,https://soundcloud.com/leavingrecords/green-house-soft-meadow,,
GRRL,left field,they,https://soundcloud.com/grrl-music,https://soundcloud.com/grrl-music/grrl-ape-dub,,
H20,left field,she,https://soundcloud.com/h2ooooo,https://soundcloud.com/curuba-records/h2o-gats-final-echoes?in=h2ooooo/sets/h2o-gats-trance-illusion-ep,,
HAAi,house,she,https://soundcloud.com/haai-2,https://www.youtube.com/watch?v=SqQFBX9C-mI,,
Heidi Sabertooth,techno,she,https://soundcloud.com/heidisabertooth,https://soundcloud.com/lobster-theremin/lt059-heidi-sabertooth-ur-eyes-are-watching,,
Helena Hauff,techno,she,https://soundcloud.com/helena-hauff,https://soundcloud.com/werkdiscs/helena-hauff-spur,,
Hherb,left field,they,https://soundcloud.com/hherbmusic,https://soundcloud.com/hherbmusic/basil,,
Him Hun,techno,she,https://soundcloud.com/himhun,https://soundcloud.com/himhun/sound-off-mudd-mann-x-beyonce?in=himhun/sets/edits-blends,,
Hollie,left field,she,https://soundcloud.com/hollielprice,https://soundcloud.com/hollielprice/only-natural-sugarsz,,
Hollie Cook,dub,she,https://soundcloud.com/holliecookie,https://soundcloud.com/holliecookie/hollie-cook-sugarwater-dub?in=holliecookie/sets/hollie-cook-hollie-cook-in-dub,,
HYPH11E,expirimental ,she,https://soundcloud.com/hyph11e,https://soundcloud.com/svbkvlt/hyph11e-sinking?in=svbkvlt/sets/sbkt026-various-artists-cache,,
Ikonika,dancehall,she,https://soundcloud.com/ikonika,https://www.youtube.com/watch?v=8sQANcsw1ko,,
Imogen,techno ,she,https://soundcloud.com/imogensmusic,https://soundcloud.com/imogensmusic/katla-shared-meanings?in=imogensmusic/sets/music,,
Imogen,techno,she,https://soundcloud.com/imogensmusic,https://soundcloud.com/imogensmusic/katla-shared-meanings?in=imogensmusic/sets/music,,
India Jordan,house,they,https://soundcloud.com/indiajordan,https://www.youtube.com/watch?v=lDm8bVUOrRw,,
Inga Mauer,techno,she,https://soundcloud.com/ingamauer,https://www.youtube.com/watch?v=fQNbiGhNpvQ,,
Ireene Ames,techno,she,https://soundcloud.com/ireenamnes,https://soundcloud.com/motztechno/premiere-ireen-amnes-insurgent-iod041?in=ireenamnes/sets/musik,,
Irene Dresel,techno,she,https://soundcloud.com/irenedresel,https://www.youtube.com/watch?v=0GUVP8jOaUM,,
Isabella,techno,she,https://soundcloud.com/networkerror,https://www.youtube.com/watch?v=hCupMrG2j8s,,
Ishome,techno,she,https://soundcloud.com/ishome,https://www.youtube.com/watch?v=slVPNef3yIk,,
Ixindamix/Bad Girlz,house,she,https://soundcloud.com/ixindamix,https://soundcloud.com/libertine-berlin/b1-ixindamix-the-passenger?in=libertine-berlin/sets/ixindamix-traditions-12,,
Jadzia,electro,she,https://soundcloud.com/kolbrunklara,https://soundcloud.com/raiders_records/05-jadzia-whipped,,
Jamrat,house,"group - they, they",https://soundcloud.com/user-816584631,https://soundcloud.com/rhizome-seattle/a1-jamrat-marble-grounds,,
Janet Beat,expirimental ,she,https://soundcloud.com/soundandmusic/sets/janet-beat-recordings-80-87,https://soundcloud.com/soundandmusic/sets/janet-beat-recordings-80-87,,
Jarvi,left field,they,https://soundcloud.com/mynameisjarvi,https://soundcloud.com/mynameisjarvi/tender-riot-unmastered?in=mynameisjarvi/sets/tracks, Acid Daddy,
Jasmine Azarian,techno,she,https://soundcloud.com/jazarian,https://soundcloud.com/motztechno/premiere-jasmine-azarian-retributeossian-remixux012,,
Jasmine Infiniti ,expirimental ,she,https://soundcloud.com/jasmineinfiniti,https://soundcloud.com/clubchai/what-i-need?in=jasmineinfiniti/sets/sis-1,,
JASSS,expirimental ,she,https://soundcloud.com/jass-29,https://www.youtube.com/watch?v=KCin6_5-z3o,,
Jay,left field,she,https://soundcloud.com/drumsofjay/,https://soundcloud.com/drumsofjay/balsam-drum?in=drumsofjay/sets/trax,,
Jay Hill,house,she,https://soundcloud.com/jayneuf,https://soundcloud.com/franciscofrink/jay-hil-beckoningfrink-rmx?in=jayneuf/sets/original-works-remixes,,
Jayda G,house,she,https://soundcloud.com/jaydagmusic,https://www.youtube.com/watch?v=yVuBryrD7HA,,
Jennifer Loveless,house,she,https://soundcloud.com/jenniferloveless,https://soundcloud.com/djmag/premiere-jennifer-loveless-syzgyzy-scissor-me,,
jennifer vanilla,pop,she,https://soundcloud.com/jennifervanilla,https://soundcloud.com/timsweeney/space-time-motion-single,,
Jennifer Walton,expirimental ,she,https://soundcloud.com/jenniferwaltonmusic,https://soundcloud.com/djmag/premiere-jennifer-walton-scape,,
Jodie Harsh,house,she,https://soundcloud.com/jodieharsh,https://soundcloud.com/jodieharsh/tuesdaysingle?in=jodieharsh/sets/my-music,,
Johanna Knutsson,techno,she,https://soundcloud.com/johannaknutsson,https://www.youtube.com/watch?v=m-t0ZvRZ4BM,,
Jossy Mitsu,left field,she,https://soundcloud.com/jossymitsu,https://soundcloud.com/djmag/premiere-jossy-mitsu-whirl?in=jossymitsu/sets/my-1st-tune-haaha-xd,,
Joyce Muniz,house,she,https://soundcloud.com/joytoy,https://soundcloud.com/pets_recordings/joyce-muniz-eastbound-original,,
jpeg.love,left field,"group - she, they",https://soundcloud.com/jpeglove,https://soundcloud.com/posseup/premiere-jpeglove-im-perfect-queens-of-club-raiders?in=jpeglove/sets/va-releases,,
Jubilee,dancehall,she,https://soundcloud.com/jubileedj,https://soundcloud.com/mixpak/jubilee-shots-feat-p-money,,
Julia Govor,techno,she,https://soundcloud.com/juliagovor,https://www.youtube.com/watch?v=v5uIGBnAChM,,
Julie Marghilano,house,she,https://soundcloud.com/julie-marghilano,https://soundcloud.com/sol-asylum-records/a2-julie-marghilano-eclispe?in=sol-asylum-records/sets/julie-marghilano-time-in-space,,
juneunit,expirimental ,she,https://soundcloud.com/juneunit,https://soundcloud.com/juneunit/kasewerfen,,
K.I.I.A,left field,she,https://soundcloud.com/kiialondon,https://soundcloud.com/osignat/osignat-premiere-kiia-killing-time?in=kiialondon/sets/tracks,,
K2K,house,she,https://soundcloud.com/k2kokay,https://soundcloud.com/delicieuse-musique/premiere-jvxta-state-of-nature-k2k-remix-homage,,
Kali Malone,ambient,she,https://soundcloud.com/kali-malone,https://soundcloud.com/ideal-recordings/kali-malone-litanic-cloth-wrung-from-the-sacrificial-code-2xlp3xcd,,
Kameliia,techno,she,https://soundcloud.com/kamelia-parwanowa,https://soundcloud.com/unbalance/kameliia-iv,,
Kamila Govorcin,house,she,https://soundcloud.com/kami-govorcin,https://www.youtube.com/watch?v=is5VhkdhILE,,
Karen Nyame KG,gqom,she,https://soundcloud.com/karennyamekg,https://soundcloud.com/clubdjembe/kg-obsession?in=clubdjembe/sets/club-djembe-vol1-1,,
Karima F,left field,she,https://soundcloud.com/karimakarima,https://soundcloud.com/mixmag-1/premiere-karima-f-random-loop-from-doepfer-site?in=karimakarima/sets/my-muzak,,
Karlita,house,she,https://soundcloud.com/karlitacarla,https://soundcloud.com/clipp_art/karlita-la-chamade-clipp100,,
Kate NV,expirimental ,she,https://soundcloud.com/kate-nv,https://www.youtube.com/watch?v=66ZnwVKRJV4,,
Katerina,house,she,https://soundcloud.com/katerina,https://soundcloud.com/katerina/trouble-boy-comeme-2018,,
Katie Drover,left field,she,https://soundcloud.com/katiedrover,https://soundcloud.com/dokutokurecords/dktk002-b1-short-1?in=dokutokurecords/sets/katie-drover-tnetennba-ep,,
Katie Rex,techno,she,https://soundcloud.com/katierexofficial,https://soundcloud.com/falsewitness/blanquist-scam-katie-rex-remix?in=katierexofficial/sets/productions,,
Kayla Painter,jazz,she,https://soundcloud.com/misskaylapainter,https://futurebubblers.bandcamp.com/track/all-the-glimmering,,
Kedr Livanskiy,house,she,https://soundcloud.com/kedr_livanskiy,https://www.youtube.com/watch?v=vuqlu6nBmU0,,
KÉDU CARLÖ,left field,"group - she, she",https://soundcloud.com/keducarlo,https://soundcloud.com/keducarlo/mating-call?in=keducarlo/sets/lets-get-to-it-1,,
Kellie Allen,house,she,https://soundcloud.com/kellieallen,https://soundcloud.com/wostreettracks/kellie-allen-smokei-grey-1?in=wostreettracks/sets/kellie-allen-handle-it-ep-wo068-clips,,
Kelly Lee Owens,house,she,https://soundcloud.com/kellyleeowens,https://www.youtube.com/watch?v=jF3fT5SYDjk,,
Kelly Moran,expirimental ,she,https://soundcloud.com/kellymoran,https://www.youtube.com/watch?v=7iEjiJHhMe0,,
Kerrie,techno,she,https://soundcloud.com/kerrie_dj,https://soundcloud.com/dontbeafraid/kerrie-curveball?in=kerrie_dj/sets/releases,,
Keyzuz,dubstep,she,https://soundcloud.com/keyzuz,https://soundcloud.com/djmag/premiere-keyzuz-cancri-transmission,,
kiimi,house,she,https://soundcloud.com/kiimiworld,https://soundcloud.com/kiimiworld/ritual,,
Kiki D,bass,she,https://soundcloud.com/queerbassmusic,https://soundcloud.com/worstbehaviorrecs/homesick-1800areyouslappin-kiki-d-refix,,
Kiki Kudo,left field,she,https://soundcloud.com/kikikudoyo,https://soundcloud.com/kikikudoyo/ten-va-pas,,
Kilbourne,techno,she,https://soundcloud.com/kilbourne,https://soundcloud.com/kilbourne/evnika?in=kilbourne/sets/evnika,,
Kim Anh,house,she,https://soundcloud.com/kim_anh/,https://soundcloud.com/kim_anh/make-me-feel-original?in=kim_anh/sets/make-me-feel-good-for-you,,
Kim Anne Foxman,house,she,https://soundcloud.com/kimannfoxman,https://soundcloud.com/kimannfoxman/my-dog-has-fleas-1?in=kimannfoxman/sets/kim-ann-foxman-my-dog-has,,
Klara,techno,she,https://soundcloud.com/klara_vedis,https://soundcloud.com/warok-music/anticipation,,
Klaudia Gawlas,techno,she,https://soundcloud.com/klaudiagawlas,https://soundcloud.com/kd_raw_music/klaudia-gawlas-acid-kicks-kd-raw-053?in=kd_raw_music/sets/klaudia-gawlas-acid-kicks-ep,,
Klein,expirimental ,she,https://soundcloud.com/kleinmusic,https://www.youtube.com/watch?v=0_B8dMObh3w,,
Klein Zage,left field,she,https://soundcloud.com/kleinzage,https://www.youtube.com/watch?v=CFCxycxx4HA,,
Kloves,techno,she ,https://soundcloud.com/klovesyyc,https://www.youtube.com/watch?v=mbpEowo8Yy4,,
Klurax,drum and bass,she,https://soundcloud.com/klurax,https://soundcloud.com/klurax/ode-to-girlhood-1?in=klurax/sets/klurax-2,,
Korea Town Acid,house,she,https://soundcloud.com/koreatownacid,https://soundcloud.com/clipp_art/korea-town-acid-want-u-clipp079,,
Kozee,footwerk,she,https://soundcloud.com/kozee,https://soundcloud.com/kozee/kozee-gratiot-strut,,
Kyoka,techno,she,https://soundcloud.com/kyoka,https://soundcloud.com/kyoka/link,,
La Leif,techno,she,https://soundcloud.com/laleif-music/,https://soundcloud.com/laleif-music/throw,,
la neve,nu wave,she,https://soundcloud.com/lanevemusic,https://soundcloud.com/lanevemusic/la-neve-the-vital-cord-01-la,,
Lady Starlight,techno,she,https://soundcloud.com/ladystarlightnyc,https://soundcloud.com/bpitch-control/lady-starlight-re-15-snippet,,
LADYMONIX,house,she,https://soundcloud.com/ladymonix,https://soundcloud.com/ladymonix/moments-in-paris-preview?in=ladymonix/sets/track-39-ep-preview,,
Laima,expirimental ,she,https://laima.bandcamp.com/,https://laima.bandcamp.com/album/disco-pregnancy,,
Lara Sarkissian,expirimental ,she,https://soundcloud.com/foozool,https://soundcloud.com/mixmag-1/premiere-lara-sarkissian-peninsula-feat-mesrop?in=foozool/sets/lara-sarkissian-peninsula-ep, Foozool,
Larnie,house,she,https://soundcloud.com/llarnie,https://soundcloud.com/llarnie/larnie-83,,
Lårry,left field,they,https://soundcloud.com/larry_music,https://soundcloud.com/nouvelond/premiere-larry-what-can-be-done-when-nothing-can-be-done-nines-awkwardly-social, Larry,
Laughing Ears,left field,she,https://soundcloud.com/laughingears,https://soundcloud.com/rocktea/laughing-ears-blue-dusk,,
Laura Of Miami,techno,she,https://soundcloud.com/lauraofmiami,https://soundcloud.com/lauraofmiami/belter-laura-of-miami-bootyleg-off-the-meds,,
Laurel Halo,left field,she,https://soundcloud.com/laurelhalo,https://www.youtube.com/watch?v=7O5a5rUR2uo,,
Lauren Duffus,left field,she,https://soundcloud.com/laurenduffus,https://soundcloud.com/if-only-uk/premiere-lauren-duffus-braeburn-body-motion,,
Lauren Flax,acid,she,https://soundcloud.com/laurenflax,https://www.youtube.com/watch?v=7HtyBTLdwgk,,
Lauren Lo Sung,house,she,https://soundcloud.com/laurenlosung,https://www.youtube.com/watch?v=HFE3lhXRZXs,,
LCY,bass,she,https://soundcloud.com/lucyproduction,https://www.youtube.com/watch?v=183igHGaCd0,,
Lea Lisa,house,she,https://soundcloud.com/lea-lisa,https://soundcloud.com/mixmag-1/premiere-something-for-the-dancers-kerri-chandler-dark-mix,,
Leila Samir,left field ,she ,https://soundcloud.com/user-826217033,https://www.youtube.com/watch?v=6lmQ6Mohgrk,,
Lemna,techno,she,https://soundcloud.com/lemnamusic,https://soundcloud.com/horolabel/lemna-retrocausality-a-posteriori?in=horolabel/sets/lemna-retrocausality-horoex29,,
Lena Willikens,house,she,https://soundcloud.com/lenawillikens,https://www.youtube.com/watch?v=ndJ0FxWWu3I,,
Liila,ambient,"group (she, he)",https://soundcloud.com/liila_sounds,https://www.youtube.com/watch?v=14PSrjXqrl4&ab_channel=Liila-Topic,,
Lila Tirando a Violeta,left field,she,https://soundcloud.com/lilatirandoavioleta,https://soundcloud.com/naafi/maldoror-feat-nick-leon-prjctn?in=lilatirandoavioleta/sets/limerencia,,
Lily Ackerman,techno,she,https://soundcloud.com/lilyackerman,https://soundcloud.com/lilyackerman/psycho-cybernetics-dedicated-to-johnny-igaz?in=lilyackerman/sets/original-productions,,
Lily Haz,house,she,https://soundcloud.com/lily-haz,https://soundcloud.com/les-yeux-orange/premiere-lily-haz-two-endless-two-sides?in=lily-haz/sets/ranger-misled-ep-snippets,,
Lioness,techno,she,https://soundcloud.com/thelioness1,https://soundcloud.com/envelope-audio/6-lioness-inference-enau-mixtape-vol1-snippet,,
Liquid Asset,house,she,https://soundcloud.com/liquid-asset,https://soundcloud.com/liquid-asset/4u-allergy-season-x-discwoman,,
Lis Sarroca,house,she,https://soundcloud.com/lissarroca,https://soundcloud.com/ltdwlbl/ltd-premiere-lis-sarroca-meantime-town,,
Lisa Bella Donna,expirimental ,she,https://soundcloud.com/lisa-bella-donna,https://www.youtube.com/watch?v=Q08itrD17TM,,
Lisa Frank,house,she,https://soundcloud.com/djlisafrank,https://youtu.be/PPC4l3XQvUA,,
Liu Lee,left field,she,https://soundcloud.com/liulee,https://soundcloud.com/honey-badger-records/liu-lee-boy-oh-boy-ten-eight,,
LNS,left field,she,https://soundcloud.com/lauransparrow,https://www.youtube.com/watch?v=29kNOnTcX8s,,
LOFT,left field,they,https://soundcloud.com/aya_yco,https://www.youtube.com/watch?v=S908T9fWX1A, AYA,
Lola Palmer,house,she,https://soundcloud.com/lolapalmer,https://soundcloud.com/recordeep-mag/premiere-lola-palmer-imagine-that-bergamon14,,
Loraine James,left field,she,https://soundcloud.com/lorainejames,https://soundcloud.com/lorainejames/hmurd-shepards-delight-loraine-james-remix,,
Louisahhh,techno,she,https://soundcloud.com/louisahhh,https://soundcloud.com/raarraar/line?in=louisahhh/sets/a-trap-ive-built-raar008,,
Lua Preta,left field,"group - he, she",https://soundcloud.com/luapreta,https://soundcloud.com/couvrexchefs/premiere-lua-preta-drena-tony-quattro-remix-basy-tropikalne,,
Lucrecia Dalt,expirimental ,she,https://soundcloud.com/lucreciadalt,https://soundcloud.com/igetrvng/lucrecia-dalt-tar?in=lucreciadalt/sets/anticlines,,
Lucy Cliche,house,she,https://soundcloud.com/lucy-cliche,https://soundcloud.com/fleisch-berlin/b3-lucy-cliche-cliches?in=lucy-cliche/sets/lucy-cliche-tracks, Loose-y Crunché,
Lucy Gooch,expirimental ,she,https://soundcloud.com/ucyooch,https://soundcloud.com/ucyooch/my-lights-kiss-your-thoughts,,
Luen,left field,she,https://soundcloud.com/luenfree,https://soundcloud.com/luenfree/solarbounce-luen?in=luenfree/sets/ep1,,
Luna Ludmila,house,she,https://soundcloud.com/lunaludmila,https://soundcloud.com/lunaludmila/luna-ludmila-tendency-irenicsps006,,
Luz1e,house,she,https://soundcloud.com/l-v-z-1-e,https://www.youtube.com/watch?v=yuZ8E6_vxAw,,
Lydia Eisenblatter,techno,she,https://soundcloud.com/lydiaeisenblaetter,https://www.youtube.com/watch?v=1oLdQJJiHA0,,
Lyzza,rap,she,https://soundcloud.com/lysadasilva,https://soundcloud.com/djmag/premiere-lyzza-sleeve-laurel-halo-mix?in=lysadasilva/sets/imposter-the-remixes,,
Maayan Nidam,techno,she,https://soundcloud.com/maayan,https://soundcloud.com/maayan/perl119lp-a2?in=maayan/sets/perl119,,
Machine Woman,left field,she,https://soundcloud.com/machinewoman,https://www.youtube.com/watch?v=yfw1JXt8dTI,,
Maddy Maia ,house,she,https://soundcloud.com/maddymaia,https://soundcloud.com/sistersofsoundsos/maddy-maia-obsesion-romantica,,
madwoman,techno,she,https://soundcloud.com/madwoman-1,https://soundcloud.com/madwoman-1/ra-energy,,
Mará ,expirimental ,she,https://soundcloud.com/maraperalta,https://soundcloud.com/maraperalta/mara-sweet-eye?in=maraperalta/sets/sound,,
Maraa,left field,she,https://soundcloud.com/maara,https://soundcloud.com/naffrecordings/maara-ultimate-reward-clips?in=maara/sets/releases,,
Maral,expirimental ,she,https://soundcloud.com/maral66,https://soundcloud.com/sistersofsoundsos/sos-music-maral-only-the-sound-will-last?in=sistersofsoundsos/sets/nightwave-sacred-heart-maddy,,
Marie Davidson,techno,she,https://soundcloud.com/mariedavidson_official,https://www.youtube.com/watch?v=jLN7_HZDWLc,,
Marina Trench ,house,she,https://soundcloud.com/marinatrench,https://soundcloud.com/boltingbits/premiere-marina-trench-get-in?in=marinatrench/sets/waterside-ep-wolf-music,,
Martyyna,left field,she,https://soundcloud.com/martyyna-1,https://soundcloud.com/paynomindtous/martyyna-awaken-bcaa?in=bcaasystem/sets/martyyna-awaken,,
Maruwa,acid,she,https://soundcloud.com/maruwa1,https://www.youtube.com/watch?v=pbVY15aR5qk,,
Mary Lake,left field,she,https://soundcloud.com/marylakeworld,https://soundcloud.com/radiantlove/mary-lake-top-skipper,,
Masha,house,she,https://soundcloud.com/mashadjs,https://soundcloud.com/sistersofsoundsos/sos-music-masha-doris-day?in=sistersofsoundsos/sets/nightwave-sacred-heart-maddy,,
Matisa,house,she,https://soundcloud.com/matisaxx,https://soundcloud.com/the-ransom-note/premiere-matisa-honey-comb-optimo-music?in=matisaxx/sets/releases,,
Maunka Honey,left field,she,https://soundcloud.com/manuka_honey,https://soundcloud.com/apocalipsistoday/manuka-honey-come?in=manuka_honey/sets/releases,,
May Mc Laren,acid,she,https://soundcloud.com/maymclaren,https://soundcloud.com/maymclaren/may-mc-laren-acdb,,
maya jane coles,house,she,https://soundcloud.com/mayajanecoles,https://www.youtube.com/watch?v=Sk9eWKb0vjo, Nocturnal sunshine,
Maya Postepski,house,she,https://soundcloud.com/mayapostepski,https://soundcloud.com/mayapostepski/sunrise-101-last-disco,,
Maya Q,left field,she,https://soundcloud.com/mxyi,https://soundcloud.com/all-centre-504822953/maya-q-i-just-wanna?in=all-centre-504822953/sets/maya-q-i-just-wanna,,
Medulasa,left field,they,https://soundcloud.com/medulasa/,https://soundcloud.com/medulasa/forever?in=medulasa/sets/typhoid-mary, Partisan,
Meg Ward,house,she,https://soundcloud.com/meggyward,https://www.youtube.com/watch?v=mGNFc6NTP9I,,
Melanie Velarde,ambient,she,https://soundcloud.com/melanievelarde,https://soundcloud.com/melanievelarde/another-para,,
Miiia,techno,she,https://soundcloud.com/miiia_303/,https://soundcloud.com/miiia_303/original-music-production-mixset,,
Mila Dietrich,techno,she,https://soundcloud.com/mila-dietrich,https://www.youtube.com/watch?v=GpuDd74LKxo,,
Milena Glowacka,expirimental ,she,https://soundcloud.com/milenaglowacka/,https://soundcloud.com/milenaglowacka/milena-glowacka-immensity?in=milenaglowacka/sets/tracks,,
MINA,dancehall,she,https://soundcloud.com/minamusicuk,https://soundcloud.com/earth_kicks/champion-mina-brazzy?in=minamusicuk/sets/earth-kicks-releases,,
Mincy,left field,she,https://soundcloud.com/mincyaus,https://soundcloud.com/extraspicysydney/mincy-gnome-home-1,,
Mincy,left field,she,https://soundcloud.com/mincyaus,https://soundcloud.com/extraspicysydney/99-nissan-patrol-get-sum-mincy,,
Minør,techno,she,https://soundcloud.com/minormusicmelody,https://soundcloud.com/brooklynfire/minor-fear?in=minormusicmelody/sets/minor-originals,,
Mira Calix,expirimental ,she,https://soundcloud.com/mira-calix,https://www.youtube.com/watch?v=b62WFhXu8hs,,
Miss Tomu,left field,she,https://soundcloud.com/tomu-dj,https://tomu.bandcamp.com/album/music-for-girls, Tomu DJ,
mobilegirl,expirimental ,she,https://soundcloud.com/mobilegirl,https://soundcloud.com/mobilegirl/ice-sheets,,
Molly,house,she,https://soundcloud.com/molly_music,https://soundcloud.com/molly_music/glg022-a1-molly-fire?in=molly_music/sets/molly-waves-ep,,
Monae,left field,she,https://soundcloud.com/caemonae,https://soundcloud.com/caemonae/cisphobic,,
Monibi,techno,she,https://soundcloud.com/mawnyb,https://soundcloud.com/mawnyb/nachtschicht-piezo-retake?in=mawnyb/sets/faux-pas-ep,,
Monika Ross,house,she,https://soundcloud.com/monika-ross,https://www.youtube.com/watch?v=da1YEdVXlpQ,,
Monikca,house,she,https://soundcloud.com/monikca,https://soundcloud.com/big-bait-records/floating-herbert-master2?in=big-bait-records/sets/monikca-floating-herbert,,
Moonbow,left field,she,https://soundcloud.com/moonbowmusic,https://www.youtube.com/watch?v=AIQDRgechHA,,
Mor Elian,left field,she,https://soundcloud.com/morelian,https://www.youtube.com/watch?v=P4y6yrCk-Sc, Alloy Sea,
ms. boogie,hip hop,she,https://soundcloud.com/jayboogala,https://soundcloud.com/jayboogala/morphin-time,,
MSJY,left field,she,https://soundcloud.com/jockey_jay,https://soundcloud.com/yinyanglabel/premiere-msjy-we-stallion-raiders?in=jockey_jay/sets/released-business, Miss Jay,
Nadia Khan,ambient,she,https://soundcloud.com/nadia-khan-10,https://soundcloud.com/scissorandthread/nadia-khan-local-visit-with?in=scissorandthread/sets/nadia-khan-in-gleam,,
Nadia Struiwigh,expirimental ,she,https://soundcloud.com/nadiastruiwigh,https://soundcloud.com/nadiastruiwigh/space-tribe,,
Nadia Struiwigh,expirimental ,she,https://soundcloud.com/nadiastruiwigh,https://soundcloud.com/nadiastruiwigh/03-nadia-struiwigh-miosis-original-rose012-snippets?in=nadiastruiwigh/sets/nadia-struiwigh-releases,,
Nastia Reigel,techno,she,https://soundcloud.com/nastiareigel,https://www.youtube.com/watch?v=IecHMfA0D4M,,
Natasha Kmeto ,techno,she,https://soundcloud.com/natashakmeto,https://soundcloud.com/koritsikommarecords/all-i-want-is-you-natasha-kmeto-remix-1644-1644,,
Naty Seres,techno,she,https://soundcloud.com/naty-seres,https://www.youtube.com/watch?v=-0mPElIh1_8,,
Nene H,techno,she,https://soundcloud.com/nenetreat,https://soundcloud.com/djmag/premiere-nene-h-enter-your-house?in=spfdj/sets/my-label,,
Neri J,techno,she,https://soundcloud.com/nerij,https://soundcloud.com/nerij/neri-j-kingdom-of-blessed,,
Nia Archives,left field,she,https://soundcloud.com/nia-archives,https://soundcloud.com/nia-archives/dont-kid-urself,,
NÍDIA ,left field,she,https://soundcloud.com/nidiasukulbembe,https://soundcloud.com/principepromos/8-capacidades,,
Nightwave,house,she,https://soundcloud.com/nightwave808,https://www.youtube.com/watch?v=_OHx0bU_WFQ,,
niina,house,she,https://soundcloud.com/user-417565348,https://soundcloud.com/user-417565348/hundred-dollar-bill-masteredit,,
Nina Kraviz,techno,she,https://soundcloud.com/nina-kraviz,https://www.youtube.com/watch?v=MuryD5S2zl4,,
Ninajirachi,left field,she,https://soundcloud.com/ninajirachi,https://soundcloud.com/ninajirachi/stingray-feat-oh-boy?in=ninajirachi/sets/ninajirachi-water-gun-stingray,,
Nite Fleit,house,she,https://soundcloud.com/nitefleit,https://www.youtube.com/watch?v=uJvtmQo9CH0,,
Nohup,left field,they,https://soundcloud.com/miseryconfusion,https://apte.bandcamp.com/track/substance-p, Sighup,
Noncompliant,techno,she,https://soundcloud.com/noncompliant1,https://www.youtube.com/watch?v=OCigxYAOihw,,
Nur Jaber,techno,she,https://soundcloud.com/nurjaberbeirut,https://soundcloud.com/nurjaberbeirut/osf008-nur-jaber-beyond-borders?in=nurjaberbeirut/sets/osf008-nur-jaber-beyond-1,,
Object Blue,expirimental ,she,https://soundcloud.com/objectblue,https://soundcloud.com/mixmag-1/premiere-object-blue-neo-noir,,
Octo Octa,house,she,https://soundcloud.com/octoocta,https://www.youtube.com/watch?v=MM4ssluYUtc,,
Odette,left field,she,https://soundcloud.com/queriastarmorta,https://quanticaonline.bandcamp.com/track/odete-medo,,
Olive T,house,she,https://soundcloud.com/olivetonic,https://soundcloud.com/olivetonic/baby-beige?in=olivetonic/sets/original-productions,,
Olivia,left field,she,https://soundcloud.com/olivia-ungaro,https://soundcloud.com/pinkmanrecords/olivia-dancing-snake?in=olivia-ungaro/sets/olivia-dancing-snake-pnkmn39,,
Omma,left field,she,https://soundcloud.com/olga-maximova,https://soundcloud.com/antinote-records/atn051_a2_omma-1905,,
ona:v,techno,she,https://soundcloud.com/ona_vera,https://soundcloud.com/theraveschool/ona-v-fugacious?in=ona_vera/sets/ona-v-releases,,
Ôneyra,techno,she,https://soundcloud.com/oneyra,https://soundcloud.com/unconfinedrecords/oneyra-burn-it-down-uncva002, Oneyra,
Onyvaa,techno,she,https://soundcloud.com/onyvaa,https://soundcloud.com/techno-bible/tb-premiere-onyvaa-006-a1-passeport-records?in=onyvaa/sets/passeport-006-onyvaa,,
Oona Dahl,house,she,https://soundcloud.com/oonadahl,https://soundcloud.com/oonadahl/kirsty-hawkshaw-oona-dahl-love-is-all-we-need-oona-dahl-remix?in=oonadahl/sets/kirsty-hawkshaw-oeona-dahl,,
Oqbqbo,ambient,she,https://soundcloud.com/oqbqbo,https://www.youtube.com/watch?v=VhxkfGZSfUI,,
Or:la,techno,she,https://soundcloud.com/orla_cd,https://soundcloud.com/orla_cd/wendy-wild-2,,
Otha,left field,she,https://soundcloud.com/othaotha,https://soundcloud.com/othaotha/tired-and-sick,,
Ouri,left field,she,https://soundcloud.com/ourimusic,https://soundcloud.com/ourimusic/trance-parent,,
overland,techno,she,https://soundcloud.com/jodieoverland,https://soundcloud.com/jodieoverland/a1-colossal-book-of-mathematics,,
Paige Julia,bass,she,https://soundcloud.com/paigelol,https://soundcloud.com/paigelol/t-e-s-s-e-l-l-a-t-e-1,,
Pan Daijing,expirimental ,she,https://soundcloud.com/pan-daijing,https://soundcloud.com/pan_hq/hvad-pan-daijing-zhao-hua-pan-77,,
Paramida,house,she,https://soundcloud.com/paramida,https://soundcloud.com/loveontherocks/lotr024-paramida-dream-ritual-incl-eris-drew-octo-octa-youandewan,,
Parand,electro,she,https://soundcloud.com/paranddd,https://soundcloud.com/tracklistings3-0/tl-premiere-parand-solar-snoop-diffuse-reality-records,,
Pasiphae,house,she,https://soundcloud.com/pasiphax,https://www.youtube.com/watch?v=x4MUmuwCU6M,,
Paula Tape,house,she,https://soundcloud.com/paulatape,https://www.youtube.com/watch?v=85brnjNmHj0,,
Paula Temple,techno,she,https://soundcloud.com/paulatemple,https://www.youtube.com/watch?v=PuriyWZt9uM,,
Pauline Anna Strom,expirimental ,she,https://en.wikipedia.org/wiki/Pauline_Anna_Strom,https://www.youtube.com/watch?v=OUts1kwp3P4,,
Peach,house,she,https://soundcloud.com/ohpeach,https://soundcloud.com/mixmag-1/premiere-peach-silky,,
Peggy Gou,house,she,https://soundcloud.com/peggygou,https://soundcloud.com/technicolour-music/peggy-gou-gou-talk,,
Peggy Gou ,house,she,https://soundcloud.com/peggygou,https://www.youtube.com/watch?v=2vmX6KGiBlI,,
Peggy Viennetta,donk,she,https://soundcloud.com/peggyviennetta,https://soundcloud.com/peggyviennetta/every-freakin-donk,,
Perel,house,she,https://soundcloud.com/perel-music,https://www.youtube.com/watch?v=1D1h3edUo2g,,
Petals in Sound,house,she,https://soundcloud.com/petalsinsound,https://soundcloud.com/housesaladmusic/hsm-premiere-petals-in-sound-buoyancy-boyanza-records,,
pillow queen,house,"group - she, she",https://soundcloud.com/radiantlove,https://soundcloud.com/radiantlove/pillow-queen-byrons-theme-ep-previews,,
Pinkpantheress,drum and bass,she,https://soundcloud.com/pinkpantheress,https://soundcloud.com/pinkpantheress/passion,,
Pollyhill,expirimental ,she,https://soundcloud.com/pollyhill,https://soundcloud.com/pollyhill/foreward-mix12,,
Poly Chain,electro,she,https://soundcloud.com/poly-chain,https://soundcloud.com/djmag/premiere-poly-chain-moonhaze,,
Powder,house,she,https://soundcloud.com/thinner_groove,https://www.youtube.com/watch?v=mGUe17V2XW0,,
Precolumbian,left field,she,https://soundcloud.com/precolumbian,https://soundcloud.com/apocalipsistoday/precolumbian-estoc-cct01?in=apocalipsistoday/sets/apoc005-precolumbian-estoc-cct-ep,,
Priscilla Ermel,expirimental ,she,https://www.discogs.com/artist/400756-Priscilla-Ermel,https://www.youtube.com/watch?v=3ylcKQ4MdNc,,
Privacy,electro,she,https://soundcloud.com/privacyprivacy,https://www.youtube.com/watch?v=plescZzeWE8,,
PTU,techno,"group - she, he",https://soundcloud.com/ptu-1,https://www.youtube.com/watch?v=PCuSGdZgteA,,
Puce Mary,expirimental ,she,https://soundcloud.com/pucemary,https://www.youtube.com/watch?v=8Uum9nOvhTw,,
Quarantinas,techno,"group - she, she, she",https://soundcloud.com/planeteuphorique,https://soundcloud.com/planeteuphorique/quarantinas-isolation-chamber,,
QUEST?ONMARC,left field,they,https://soundcloud.com/iamquestionmarc,https://soundcloud.com/iamquestionmarc/paranoia-quest-onmarc?in=iamquestionmarc/sets/4-quest-onmarc-ep004,,
Rachel Lyn,electro,she,https://soundcloud.com/rachellyn,https://soundcloud.com/3ddancer/01-deep-sea-boating?in=3ddancer/sets/great-fucking-success, 3Ddancer,
Raica,ambient,she,https://soundcloud.com/raicamusic,https://www.youtube.com/watch?v=VADgZzouiqk, Chloe Harris,
RAMZi,left field,she,https://soundcloud.com/ramzihouti,https://soundcloud.com/ramzihouti/b2-trancehall,,
Rebekah,techno,she,https://soundcloud.com/rebekah,https://www.youtube.com/watch?v=qBTikyab17U,,
RED,left field,she,https://soundcloud.com/redzdj,https://soundcloud.com/1020radio/red-0204?in=redzdj/sets/original-songs,,
Ren G,left field,they,https://soundcloud.com/grayren/,https://soundcloud.com/grayren/lunch,,
Rhythym Phazer,house,she,https://soundcloud.com/rhythmphazer,https://soundcloud.com/vanitypress/vpr-7-2-oscar-huang-rhythm-phazer-split-7, Heidi P,
riobamba,expirimental ,she,https://soundcloud.com/riobamba_dj,https://soundcloud.com/riobamba_dj/riobamba-hechohechizo-apoc001,,
Risa Taniguchi,techno,she,https://soundcloud.com/risataniguchi,https://soundcloud.com/risataniguchi/calling-you-1,,
rkss,expirimental ,she,https://soundcloud.com/rkss,https://www.youtube.com/watch?v=TW-Ggl2yLzI,,
Rose Bonica,techno,she,https://soundcloud.com/rosebonica,https://soundcloud.com/wetdreamsrecordings/i-was-trying-to-be-sincere?in=rosebonica/sets/rosy-disposition-ep,,
Roundhouse Kick,techno,"group - she, he",https://soundcloud.com/roundhouse-kick,https://soundcloud.com/discosparaiso/b1-roundhouse-kick-acid-life-1, RHK,
Roza Terenzi,left field,she,https://soundcloud.com/roza-terenzi,https://www.youtube.com/watch?v=P7SZ5NOyNPE,,
rRoxymore,left field,she,https://soundcloud.com/rroxymore,https://www.youtube.com/watch?v=KVoq1wyAJiU,,
Rui Ho/DJ Ruan,expirimental ,she,https://soundcloud.com/ruiho,https://ruiho.bandcamp.com/track/acceleration,,
Russel EL Butler,left field,they,https://soundcloud.com/russellelbutler,https://www.youtube.com/watch?v=nCoHEkyKNoA,,
S Ruston,techno,she,https://soundcloud.com/s_ruston,https://soundcloud.com/houndstoothlbl/02-broken?in=s_ruston/sets/s-ruston-production-vocals, Ghettozoid,
saaaz,hip hop,she,https://soundcloud.com/saaazuk,https://soundcloud.com/illegaldata/saaaz-affectionate,,
Sairé,techno,she,https://soundcloud.com/sairesaire,https://soundcloud.com/sairesaire/inteja1,,
Salamanda,ambient,"group - she, she",https://soundcloud.com/8salamanda8,https://soundcloud.com/8salamanda8/salamanda-let-it-rain,,
Sam Soleil ,house,she,https://soundcloud.com/samsoleil,https://soundcloud.com/hivemindco/back-to-me-sam-soleil,,
Samantha Togni,techno,she,https://soundcloud.com/samanthatogni,https://soundcloud.com/motztechno/premiere-samantha-togni-whisperers-neri-j-remix,,
Sandile,house,she,https://soundcloud.com/sandile_official,https://soundcloud.com/sandile_official/stronger-than-ive-ever-been,,
Sandra Mosh,techno,she,https://soundcloud.com/sandra-mosh,https://www.youtube.com/watch?v=OM5zaumE170,,
Sapphire Slows,house,she,https://soundcloud.com/sapphire-slows,https://www.youtube.com/watch?v=KfPwiTxyBYM,,
Sarah Bates,ambient,she,https://soundcloud.com/sarahbates,https://soundcloud.com/sarahbates/caravan-girls,,
Sassy 009,house,she,https://soundcloud.com/sassy009,https://soundcloud.com/sassy009/maybe-in-the-summer, Susy Summer,
Scam,left field,they,https://soundcloud.com/scamscamscam,https://soundcloud.com/decisionsrecords/scam-host, K-Trax,
scapa,left field,she ,https://soundcloud.com/scapaxo,https://soundcloud.com/peachyuk/scapa-i-deserve-nice-things-forthcoming-on-peachy-sounds,,
Scintii,expirimental ,she,https://soundcloud.com/scintii,https://soundcloud.com/houndstoothlbl/scintii-times-new-roman-ep?in=houndstoothlbl/sets/scintii-times-new-roman-2nd,,
Sentimental Rave,techno,she,https://soundcloud.com/sentimentalrave,https://soundcloud.com/sentimentalrave/fuck-you-all,,
Serena Butler,techno,they,https://soundcloud.com/serena-butler-717672730,https://www.youtube.com/watch?v=wT6_szCpS2o,,
SFire,house,"group - she, he",https://soundcloud.com/jeffreysfire,https://soundcloud.com/ultramajic/sfire-sfire6,,
Sha Sha Kimbo,house,she,https://soundcloud.com/shashakimbo,https://soundcloud.com/shashakimbo/sha-sha-kimbo-gotta-have-you-1?in=shashakimbo/sets/singles-remixes,,
Shanti Celeste,house,she,https://soundcloud.com/shanticeleste,https://www.youtube.com/watch?v=RZlS5HPSs_k,,
Shauna,house,she,https://soundcloud.com/shaunastapleton,https://soundcloud.com/shaunastapleton/you,,
Shida Shahabi,ambient,she,https://soundcloud.com/shida-shahabi,https://www.youtube.com/watch?v=gFmvGg9v9H8,,
Shinedoe,techno,she,https://soundcloud.com/shinedoe,https://soundcloud.com/dial-rec/dial76-1?in=shinedoe/sets/shinedoes-tracks,,
Shubostar,house,she,https://soundcloud.com/shubostar,https://soundcloud.com/sinchicollective/premiere-shubostar-galaxy-express?in=shubostar/sets/original,,
Sign Libra,left field,she,https://soundcloud.com/signlibrachannel,https://soundcloud.com/igetrvng/sign-libra-sea-of-nectar,,
Silvia Kastel,expirimental ,she,https://soundcloud.com/silviakastel,https://www.youtube.com/watch?v=Ax8TsNRg5HI,,
Sky H1,ambient,she,https://soundcloud.com/sky_h1,https://soundcloud.com/pan_hq/13-sky-h1-huit-pan-77,,
Smerz,house,"group - she, she",https://soundcloud.com/smerzno,https://www.youtube.com/watch?v=MWbD1pby33g,,
Soela,house,she,https://soundcloud.com/soelaela,https://soundcloud.com/djmag/premiere-soela-sensual,,
Sofia Kourtesis,left field,she,https://soundcloud.com/sofia-kourtesis,https://www.youtube.com/watch?v=hK60uL8UGGs,,
softcoresoft,acid,she,https://soundcloud.com/softcoresoft,https://soundcloud.com/djmages/premiere-softcoresoft-social-compost-lobster-theremin-black-ltblk012?in=softcoresoft/sets/a-selection-of-tacks,,
sohotsospicy,left field,she,https://soundcloud.com/sohotsospicy,https://soundcloud.com/djmag/premiere-sodarksospicy-glorified,,
Soldal,left field,she,https://soundcloud.com/soldal,https://soundcloud.com/handlethesound/4-soldal-circuit-900-away-master?in=soldal/sets/soldal-refix,,
Solid Blake,techno,she,https://soundcloud.com/solid_blake,https://soundcloud.com/solid_blake/warp-room,,
Sonia Calico,left field,she,https://soundcloud.com/soniacalico,https://www.youtube.com/watch?v=4NI39D6UBOI,,
Sonja Moonear,house,she,https://soundcloud.com/moonear,https://www.youtube.com/watch?v=YT4U6oytrj8,,
Sophia Saze,techno,she,https://soundcloud.com/sophiasaze,https://soundcloud.com/duskandhaze/sophia-saze-shed?in=duskandhaze/sets/dh001-sophia-saze-solace,,
Sophia Zhuravkova,ambient,she,https://soundcloud.com/zhuravkovasophia,https://soundcloud.com/besteffort/sophia-zhuravkova-interior-music-004,,
Sophia Zhurevkova,ambient,she,https://soundcloud.com/zhuravkovasophia,https://soundcloud.com/infinitoaudiolabel/sophia-zhuravkova-transparent-infinito-audio-046,,
SOPHIE,left field,she,https://soundcloud.com/msmsmsm,https://soundcloud.com/msmsmsm/sophie-lemonade,,
Soramimi,left field,she,https://soundcloud.com/soramimi,https://www.youtube.com/watch?v=5yvC55_oEdM,,
Soraya,house,she,https://soundcloud.com/dana-chicago,https://soundcloud.com/dana-chicago/life-beneath-the-frozen-sky, DANA, دانا
SOS Gunver Ryberg,ambient,she,https://soundcloud.com/soesgunverryberg,https://www.youtube.com/watch?v=-8_0_Bchn6M,,
Souci,techno,she,https://soundcloud.com/soucidj,https://soundcloud.com/raiders_records/04-souci-reclaiming-bad-bitch?in=raiders_records/sets/queens-of-club-night-shift-1,,
Squaring Circles,jazz,"group - she, he",https://soundcloud.com/squaringcircles,https://soundcloud.com/squaringcircles/anergyne-1,,
stacy sexton,house,she,https://soundcloud.com/staceysextonmusic,https://soundcloud.com/clipp_art/stacey-sexton-dante-clipp064?in=staceysextonmusic/sets/original-releases,,
Star Eyes,techno,she,https://soundcloud.com/stareyes,https://soundcloud.com/stareyes/star-eyes-lightsaber,,
Stellar Om Source,acid,she,https://soundcloud.com/omsource,https://www.youtube.com/watch?v=Y2s7xVrjmM8,,
stud1nt,left field,they,https://soundcloud.com/stud1nt,https://soundcloud.com/clubchai/stud1nt-suture,,
Sue Zuki,expirimental ,she,https://soundcloud.com/suezuki,https://soundcloud.com/suezuki/kleft-remix-boring-af,,
Sui Zhen,pop,she,https://soundcloud.com/sui-zhen,https://www.youtube.com/watch?v=WpJGtfd5Xio,,
Sundaysaurus,left field,she,https://soundcloud.com/sundaysaurus,https://soundcloud.com/chowdownmcr/pretty-poison-single,,
Sunta,house,she,https://soundcloud.com/suntaaaaa,https://soundcloud.com/suntaaaaa/such-a-feeling-original,,
surgeon's girl,left field,she,https://soundcloud.com/surgeonsgirl,https://www.youtube.com/watch?v=5w5Y6_NjEYQ,,
Suyá Synergy,left field,she,https://soundcloud.com/suya_experimenteaser,https://soundcloud.com/suya_experimenteaser/how-about-now-mix,,
Svetlana,left field,she,https://soundcloud.com/svetlanamusic,https://soundcloud.com/svetlanamusic/bali-hai-1,,
Swan Meat,expirimental ,she,https://soundcloud.com/swanmeat,https://soundcloud.com/swanmeat/jealous,,
system olympia,electro,she,https://soundcloud.com/systemolympia,https://soundcloud.com/slow-motion-records/system-olympia-night-rise,,
TAALIAH,left field,she,https://soundcloud.com/taahliah,https://soundcloud.com/taahliah/bourgeoisie-1?in=taahliah/sets/angelica,,
Tailor Jae,bass,she,https://soundcloud.com/tailorjae,https://soundcloud.com/tailorjae/tailor-jae-ode-to-dex?in=tailorjae/sets/productions,,
Take Van,drum and bass,she,https://soundcloud.com/takevan,https://soundcloud.com/takevan/time-goes-by,,
tamanaramen,expirimental ,she,https://soundcloud.com/user-tamanaramen,https://play.google.com/music/preview/Tg35imephokts7wmksrbdosckoa?play=1, 玉名ラーメン ,
Tami T,left field,she,https://soundcloud.com/tamitmusic,https://www.youtube.com/watch?v=LDk1Q6VoleA,,
Tammy Lakkis ,left field,she,https://soundcloud.com/tammylakkis,https://soundcloud.com/tammylakkis/notice,,
Tayhana,left field,she,https://soundcloud.com/tayhana,https://soundcloud.com/tayhana/demasiado-deseada,,
TC4,garage,"group - she, he",https://soundcloud.com/tc4wolves,https://www.youtube.com/watch?v=OvrQIYaRd18,,
Terr,house,she,https://soundcloud.com/terr_music,https://www.youtube.com/watch?v=AjK8T4E5Pu8,,
Tora Vinter,left field,she,https://soundcloud.com/toravinter,https://www.youtube.com/watch?v=5jcEjaQpCMU,,
Toxe,left field,she,https://soundcloud.com/to-xe,https://soundcloud.com/pan_hq/a1-toxe-maybe-tomorrow-pan-105?in=pan_hq/sets/toxe-crystallmess-split-pan-105,,
Trypheme,left field,she,https://soundcloud.com/trypheme,https://www.youtube.com/watch?v=yQyBkr7nGYo,,
TSHA,house,she,https://soundcloud.com/tshamusic,https://www.youtube.com/watch?v=BS4HpkDgQZw,,
TygaPaw,left field,she,https://soundcloud.com/tygapaw,https://soundcloud.com/fakeaccent/tygapaw-bag-juice-1,,
u.r.trax,techno,she,https://soundcloud.com/urtrax,https://soundcloud.com/matiere-production-paris/u-r-trax-walk-of-pain?in=urtrax/sets/ur-tracks,,
Uchi,expirimental ,they,https://soundcloud.com/uchi001010,https://soundcloud.com/uchi001010/aeon-sky-plangent-records,,
Ulla/Ulla Straus,ambient,she,https://soundcloud.com/ullastraus,https://soundcloud.com/xpltd/ulla-leaves-and-wish,,
umfang,techno,she,https://soundcloud.com/umfang,https://soundcloud.com/umfang/where-is-she?in=umfang/sets/symbolic-use-of-light,,
Uniiqu3,jersey club,she,https://soundcloud.com/uniiqu3,https://soundcloud.com/uniiqu3/uniiqu3-do-what-i-want,,
upsammy,left field,she,https://soundcloud.com/upsammy,https://www.youtube.com/watch?v=QvMtvuMzHUo,,
Valesuchi,left field,she,https://soundcloud.com/valesuchi,https://soundcloud.com/mamba-negra-9/valesuchi-tragicomic-impermanence,,
Valya Kan,techno ,she,https://soundcloud.com/valyakan,https://soundcloud.com/monument-podcast/mnmt-premire-valya-khan-time-capsule,,
Vanessa Worm,house,she,https://soundcloud.com/vanessaworm,https://soundcloud.com/cin-cin-303122974/vanessa-worm-444-000-cincin017?in=vanessaworm/sets/cin-cin-vanessa-worm-and-sau,,
vani-t,techno,she,https://soundcloud.com/vani_t,https://soundcloud.com/radiantlove/vani-t-acid-bottom,,
Venetta,techno,she,https://soundcloud.com/djvenetta,https://soundcloud.com/djvenetta/dewdrop,,
Vicky Zissou,techno,she,https://soundcloud.com/vicky-zissou,https://soundcloud.com/vicky-zissou/norcd01-matilda-polaris?in=vicky-zissou/sets/t-r-a-c-k-s,,
Victoria Kim,house,group,https://soundcloud.com/truants/truancy-volume-103-victoria-kim,https://soundcloud.com/factmag/victoria-kim-01-kiko-kicks,,
Violet,house,she,https://soundcloud.com/violet,https://youtu.be/YAmmtYa0pGE,,
Virginia,house,she,https://soundcloud.com/virginia-dj,https://www.youtube.com/watch?v=WOLpVeEB61I,,
Vitesse X,left field,she,https://soundcloud.com/vitesse_x,https://soundcloud.com/vitesse_x/potential-energy-3,,
Vonda7,house,she,https://soundcloud.com/vonda7,https://soundcloud.com/wostreettracks/vonda7-a-satisfying-choice-1,,
Vtss,techno,she,https://soundcloud.com/vitiosus,https://www.youtube.com/watch?v=18c5bO1adSg,,
Wallis,techno,she,https://soundcloud.com/wallis-music,https://soundcloud.com/jellrecords/wallis-apt-1245-free-dl?in=wallis-music/sets/latest-releases,,
willow,house,she,https://soundcloud.com/willowmcr,https://soundcloud.com/willowmcr/b1-1?in=willowmcr/sets/workshop-23,,
Wilted Woman,left field,she,https://soundcloud.com/eelburn,https://www.youtube.com/watch?v=HIuPxZZWv4Y,,
Wizard Apprentice ,expirimental ,she,https://soundcloud.com/wizardapprentice,https://www.youtube.com/watch?v=HMs7JRJFDOU,,
Xosar,techno,she,https://soundcloud.com/xosar,https://www.youtube.com/watch?v=vySRs0eQwv4,,
Xyla,left field,she,https://soundcloud.com/xyla_alyx,https://soundcloud.com/hyponik-com/first-listen-xyla-usagerec-room,,
Yazzus,left field,she,https://soundcloud.com/yazzus-1,https://soundcloud.com/szns7n/yazzus-mitsibushi-dizzle,,
Yetsuby,expirimental ,she,https://soundcloud.com/yetsuby,https://soundcloud.com/yetsuby/oishi,,
Yikii,expirimental ,she,https://soundcloud.com/yikii,https://soundcloud.com/functionlab/premiere-yikii-frost-jelly?in=functionlab/sets/yikii-dont-cry-little-ghost,,
Ylia,left field,she,https://soundcloud.com/ylia,https://soundcloud.com/peopleyoumayknowpumk/a3-naive-realism?in=phran/sets/people-you-may-know-one-hand, Terence, People You May Know
Yosa Peit,expirimental ,she,https://soundcloud.com/josa-peit,https://soundcloud.com/taxfreerec/tax12008-yosa-peit-phyton-out-end-of-october,,
Yullola,left field,she,https://soundcloud.com/yullola,https://soundcloud.com/yullola/badjuju,,
Yushh,left field,she,https://soundcloud.com/yushh,https://soundcloud.com/djmag/premiere-yushh-bcc?in=djmag/sets/dj-mag-premieres,,
Zamilska,techno,she,https://soundcloud.com/zamilska,https://soundcloud.com/zamilska/sets/remix-for-paula-temple,,
ziur,expirimental ,she,https://soundcloud.com/ziurziurziur,https://soundcloud.com/planetmurecords/ziur-i-vanish2?in=ziurziurziur/sets/ato-out-nov-15th-on-planet-mu,,
Zoe Xenia,house,she,https://soundcloud.com/zoexenia,https://soundcloud.com/mottosono/my-heart-sings-by-zoe-xenia-motto5?in=mottosono/sets/motto5,,
ZOF,house ,she,https://soundcloud.com/zofdj,https://soundcloud.com/brooklynfire/zof-rain-original-mix?in=zofdj/sets/releases,,
HoneyLuv,house,she,https://soundcloud.com/user-76951829,https://soundcloud.com/user-76951829/your-tongue-radio-edit,,
Talik ,left field,she,https://soundcloud.com/talik1,https://soundcloud.com/inverted-audio/talik-cold-silver-martyns-time-freeze-mix-intercept?in=talik1/sets/releases,,